title,price_sales,price_origin,company_name
BBC 이즈미 브이 리프팅 레이스 브라팬티세트 12종 ,"82,000","159,000",남영비비안쇼핑
리더스타 가을신상 원피스/블라우스/셔츠/티셔츠 ,"12,900","43,000",리더스타FNC
이즐리 마담의류 엄마옷 빅사이즈 티셔츠 블라우스 ,"9,900","33,000",이즐리
정장원피스/하객/겨울/트위드/벨벳/기모/레이스/체크 ,"59,900","60,500",오드
니트원피스/겨울/롱/기모/벨벳/레이스/플레어/슬림/랩 ,"41,200","41,800",오드
여성 F/W 이너웨어/점퍼/티셔츠/조끼 모음 29900~ ,"39,900",,티엔디
여성 니트 가디건 오버핏 넉넉 니트 가드건 SH-28 ,"39,800",,cidra
남여공용 빅사이즈 후드티 집업 맨투맨 유아동 티셔츠 ,"13,900","15,900",디스마트
~5XL/겨울바지/기모밴딩/빅사이즈여성의류/엄마옷 ,"17,800",,제이앤디컬렉션
5키로 감량 원피스 44~88 빅사이즈/여성의류/블라우스 ,"13,900","33,000",베리힙
여성 경량패딩 조끼 구스다운 덕다운 롱베스트 ,"19,900",,사입자
여성 기모 스판 밴딩팬츠 단추바지 겨울바지 패딩바지 ,"12,900",,사입자
잠뱅이 겨울 특가 남여 맨투맨/청바지/아우터 50종택1 ,"13,500","44,900",jambangee
 LOVB  L-814 숏무스탕(H_JK0027) ,"99,800",,"롯데백화점,"
뽀글이 폭스다운패딩(SAPD83861) ,"235,610","318,400","롯데백화점,"
폭스 퍼 구스패딩(SAPD82861) ,"368,520","498,000","롯데백화점,"
스위티아 롱티셔츠/루즈핏/원피스/박스티/롱셔츠 ,"6,900","22,900",스위티아
 공구우먼 베라베인 리버시블 밍크무스탕 40754 빅사이즈 여성의류 ,"128,070","147,200",롯데닷컴
셔츠 여성 보온 기모 융털 겨울 여자 체크 남방 ,"17,900",,스마일배송
여성 내복 상하세트/기모/내의/여자/속옷/겨울/동내의 ,"8,900",,스마일배송
순면요일팬티5매입/빅사이즈/삼각/속옷/무형광/여성 ,"5,900",,스마일배송
여성 남성 공용 기모바지 면바지 팬츠 겨울 기모 밴딩 ,"14,900",,스마일배송
누디햄팬티/빅사이즈/팬티/삼각/속옷/노라인/여성 ,"3,500",,스마일배송
여성 롱패딩 점퍼 잠바 경량 여자 겨울 웰론 트렌치 ,"38,900",,스마일배송
{니트모아} 니트/가디건/빅사이즈/박시/루즈 ,"9,900",,니트모아
엘림모피 브랜드납품공장직 프리미엄모피 할인전 ,"199,000","660,000",엘림모피11
티셔츠 라인이 이쁜 라운드루즈핏스타일 ,"5,900","19,600",센스홀릭
디프니 원피스~니트원피스/롱원피스/빅사이즈원피스 ,"13,410","44,700",디프니
셔츠 여성 보온 기모 융털 겨울 여자 체크 남방 ,"17,900",,스마일배송
쏭스타일 신상추가/롱티/원피스/팬츠 ,"11,900","39,600",ㅇ쏭스타일
겨울원피스/하객원피스/쉬폰원피스/레이스원피스 ,"44,900","54,900",더에린1
하늬랑/트레이닝복/츄리닝/운동복/후드집업/커플 ,"31,800",,하늬랑
대박난박양 쉐도우 시스루 ,"9,900",,대박난박양네
대박난박양 진주 레이스 블라우스/오피스룩 ,"17,900",,대박난박양네
엠짱 빅사이즈여성의류_원피스 /리본배색원피스/기모 ,"25,800",,친절한_엠짱
스위티아 기본티/무지티/루즈핏/슬라브/롱티 ,"11,900","12,900",스위티아
로로텐 롱/루즈핏/라운드/티셔츠 빅사이즈 여성의류 ,"23,900",,로로텐
심리스 하이웨스트 노라인 복부 여성팬티 1+1빅이벤트 ,"5,900","9,900",뷰티5도씨
피오뜨 겨울신상  빅사이즈 스커트 M~XL 무료배송 ,"9,900","19,900",피오뜨
노라인팬티 2900원 누디팬티/레이스팬티/여성 햄팬티 ,"5,800","19,300",한스속옷
대박난박양 트럼프 시스루 셔츠/블라우스 ,"17,900",,대박난박양네
겨울원피스/하객원피스/쉬폰원피스/레이스원피스 ,"44,900","54,900",더에린1
쏭스타일 신상추가.루즈핏롱티.특가할인 ,"11,900","39,600",ㅇ쏭스타일
니트/ 여성니트/ 빅사이즈여성의류/ 니트티/ 여성티 ,"11,900",,알레이다
추가금없는 무조건 이가격.44-120사이즈.하이 퀄리티 ,"13,900",,쉬즈빅
대박난박양 미야우 티셔츠/맨투맨 ,"9,900",,대박난박양네
대박난박양 슬림핏 반팔 티셔츠(캡)/여름옷 ,"14,900",,대박난박양네
대박난박양 프라하 투피스 ,"29,900",,대박난박양네
브라 여성속옷 브라팬티세트 글램베이직 사기브라 ,"7,500",,Daively
빅사이즈민짱/설렘주의 신상티셔츠모음/루즈핏/라운드 ,"12,900",,MINZZANG
쉬즈미스 겨울 시즌오프 코트/패딩/경량 모음 ,"19,800","66,000",패션지오
겨울패션 코트/가디건/블라우스 ,"14,900","49,600",제시카로랜
세인트제임스 여성 티셔츠 밍콰이어 레반트  마린룩 ,"75,900",,유에스몰코리아
달리샵 겨울신상 맨투맨 양기모 후드집업 니트 ,"12,900","42,900",달리샵1
CHMJ1109/1114꼬레하우씨 여성양모레깅스밍크털안감 ,"8,900",,편안한속옷
보헤미안판초/판쵸티/라운드/프린팅티/망또티/케이프 ,"4,850","4,900",간지코디
하늬랑/박스원피스/정장/롱원피스/루즈핏/편직 ,"17,800",,하늬랑
파티.연주드레스/합창단복/시상식드레스/공연드레스 ,"127,000",,노블드레스
프릴와이드단추티/여성브이넥/섹시티/긴팔티/오피스룩 ,"7,820","7,900",코코트렌드1
빅사이즈여성의류 M~3XL 스키니/팬츠/스커트/청바지JP ,"29,800","31,800",제이스타일shop
1-코코마린/날씬해보이는 라인/티셔츠/블라우스 ,"16,800",,코코마린1
이솝 예쁜 가족티 긴팔 패밀리룩/단체티/커플티 ,"5,900","9,900",이솝st
무조건 9 900원 균일가.. ,"9,900",,쉬즈빅
슬림핏  여자정장 여자면접복장 (44-99) ,"49,700",,드레스메이
이프지제작 슬랙스 정장바지 여성 면바지 치마 스커트 ,"19,900",,이프지
단비샵 12월 겨울 신상 니트 원피스 코트 무스탕 패딩 ,"19,900","66,300",단비샵7
대박난박양 겨울신상 빅사이즈 니트 원피스 티셔츠 ,"19,900","66,300",대박난박양네
루미씨 청바지 빅사이즈 부츠컷 스키니 기모 S~XXXL ,"8,900","29,500",LUMISSY
홈쇼핑BEST 44-99구스다운/벤치/경량다운/기모팬츠 ,"49,900","166,300",BlueReims
롱패딩 패딩 R1 빅사이즈/남녀롱패딩/자켓/벤치코트 ,"59,900",,제이와이컴퍼니
시즌오프 덕다운/구스다운/롱패딩/코트/팬츠/니트~ ,"23,900","79,600",드림즈컴
여성 패딩점퍼 롱패딩 빅사이즈 ,"24,900","83,000",스타일하라
투투 깜짝특가~3XL/린넨/슬랙스/반바지 ,"9,900","32,900",투투22
데일르 겨울신상 니트 패딩 밴딩 팬츠 ,"23,900","79,600",데일르
티메이 후드집업 블라우스 코트 원피스 니트 점퍼 ,"12,900","43,000",Dk무역
디프니 티셔츠~목폴라/롱티셔츠/맨투맨/후드티/니트 ,"7,900","26,300",디프니
내의/내복/남자/남성/겨울/여자/여성/타이즈/바지 ,"9,900","32,900",한스속옷
슬림라인 퀼팅 벤치다운 롱패딩 (정상가 379000원) ,"249,000",,에고이스트01
P1 진짜긴~남녀롱패딩/빅사이즈/롱패딩/12월기획특가 ,"39,900",,GINA
어거스트 후드 야상 패딩 ,"27,900","92,800",언니드랑
피핀 겨울신상/맨투맨/기모/빅사이즈 ,"22,900",,피핀1
기모신상/사방스판레깅스/빅사이즈~4XL/2겹/레더 ,"6,900","23,000",제이피플
비비안/BYC/제임스딘外 남/여 기능성 기모 발열내의 ,"6,900","22,900",이너샵
겨울신상 루즈핏 빅사이즈 코트 가디건 패딩 ,"13,900","46,300",메이시스1
BYC외 내복상하세트/기모내의/남성/여성/남자/여자 ,"9,900","33,000",란제리아샵
3+1 융털/기모 빅사이즈레깅스~4XL/치마/겨울밴딩팬츠 ,"5,900","19,600",더클로
로즈맘엄마옷 겨울신상 기모패딩 5060대중년여성의류 ,"12,900","42,900",엄마옷로즈맘
융털레깅스  겨울 여자용 스타킹 바지 추위대비 초특가 ,"5,900",,-올에이지-
